UI_Group,UI_Target,Predictor,Mean_ABS_SHAP,SHAP_Rank
Global_UI,font_style_pref,primary_device,0.03809923856570584,1
Global_UI,font_style_pref,Neuroticism,0.029862478419689545,2
Global_UI,font_style_pref,primary_persona,0.02822370535110387,3
Global_UI,font_style_pref,Openness,0.02783210413185772,4
Global_UI,font_style_pref,current_mood,0.02477820246387299,5
Global_UI,font_style_pref,Agreeableness,0.02346899644980449,6
Global_UI,font_style_pref,Conscientiousness,0.018056206161422103,7
Global_UI,font_style_pref,Extraversion,0.011426120548341556,8
Global_UI,font_size_pref,current_mood,0.027552435253338354,1
Global_UI,font_size_pref,Conscientiousness,0.02614886364854875,2
Global_UI,font_size_pref,Neuroticism,0.02493846045756679,3
Global_UI,font_size_pref,Openness,0.024657636693496042,4
Global_UI,font_size_pref,primary_device,0.023206151089628497,5
Global_UI,font_size_pref,primary_persona,0.01872546511130856,6
Global_UI,font_size_pref,Agreeableness,0.016481486671490176,7
Global_UI,font_size_pref,Extraversion,0.010184114062434198,8
Global_UI,color_theme_pref,Neuroticism,0.030114785265523376,1
Global_UI,color_theme_pref,Openness,0.023793759856885224,2
Global_UI,color_theme_pref,Extraversion,0.021966725841577647,3
Global_UI,color_theme_pref,primary_persona,0.02100621269373126,4
Global_UI,color_theme_pref,primary_device,0.01796748436583282,5
Global_UI,color_theme_pref,current_mood,0.01723538430882434,6
Global_UI,color_theme_pref,Agreeableness,0.015135084353374854,7
Global_UI,color_theme_pref,Conscientiousness,0.01081352773931926,8
Global_UI,accent_color_pref,Neuroticism,0.020524786934619937,1
Global_UI,accent_color_pref,primary_persona,0.020523897326905367,2
Global_UI,accent_color_pref,Agreeableness,0.019846370496376633,3
Global_UI,accent_color_pref,Conscientiousness,0.017732975338940256,4
Global_UI,accent_color_pref,Openness,0.013693515293992875,5
Global_UI,accent_color_pref,primary_device,0.012621564124581748,6
Global_UI,accent_color_pref,Extraversion,0.011930607142466207,7
Global_UI,accent_color_pref,current_mood,0.009252724827581034,8
Global_UI,background_pref,Agreeableness,0.03562855577852648,1
Global_UI,background_pref,Neuroticism,0.029511020278235947,2
Global_UI,background_pref,Extraversion,0.02563708471063694,3
Global_UI,background_pref,Openness,0.02485814475021752,4
Global_UI,background_pref,current_mood,0.023407186977417144,5
Global_UI,background_pref,primary_persona,0.020867243785754122,6
Global_UI,background_pref,primary_device,0.017727312020627387,7
Global_UI,background_pref,Conscientiousness,0.009257857531702482,8
Global_UI,whitespace_pref,current_mood,0.0382447927828469,1
Global_UI,whitespace_pref,Neuroticism,0.032268408699934914,2
Global_UI,whitespace_pref,Extraversion,0.030527514153526947,3
Global_UI,whitespace_pref,Agreeableness,0.026995514049534455,4
Global_UI,whitespace_pref,Conscientiousness,0.02138438892556659,5
Global_UI,whitespace_pref,primary_device,0.020644896952442204,6
Global_UI,whitespace_pref,primary_persona,0.01949594772039145,7
Global_UI,whitespace_pref,Openness,0.003969506059886799,8
Global_UI,button_style_pref,Agreeableness,0.022936221007418812,1
Global_UI,button_style_pref,Extraversion,0.022927149124590925,2
Global_UI,button_style_pref,Neuroticism,0.022004417693337833,3
Global_UI,button_style_pref,Openness,0.02197684191246888,4
Global_UI,button_style_pref,current_mood,0.021612468036356944,5
Global_UI,button_style_pref,primary_persona,0.01922440061891202,6
Global_UI,button_style_pref,primary_device,0.019209715900971695,7
Global_UI,button_style_pref,Conscientiousness,0.008722585109615655,8
Global_UI,hero_banner_size,primary_device,0.03436380317597383,1
Global_UI,hero_banner_size,Openness,0.03112286152985997,2
Global_UI,hero_banner_size,Neuroticism,0.02823769550895757,3
Global_UI,hero_banner_size,Agreeableness,0.02788510034100031,4
Global_UI,hero_banner_size,Conscientiousness,0.019608508161975638,5
Global_UI,hero_banner_size,current_mood,0.018227694978835196,6
Global_UI,hero_banner_size,primary_persona,0.01694520235437454,7
Global_UI,hero_banner_size,Extraversion,0.009826923791740029,8
Global_UI,recommendation_type,Neuroticism,0.044345807235348235,1
Global_UI,recommendation_type,current_mood,0.03453647680129834,2
Global_UI,recommendation_type,Agreeableness,0.03092061396898714,3
Global_UI,recommendation_type,Conscientiousness,0.030059105645361905,4
Global_UI,recommendation_type,Openness,0.029030822859285068,5
Global_UI,recommendation_type,Extraversion,0.02688129924940866,6
Global_UI,recommendation_type,primary_device,0.023961110973982673,7
Global_UI,recommendation_type,primary_persona,0.020176740014754023,8
Global_UI,social_proof_display,Neuroticism,0.03758177776032348,1
Global_UI,social_proof_display,primary_persona,0.03048525221415673,2
Global_UI,social_proof_display,Agreeableness,0.025799369268404246,3
Global_UI,social_proof_display,primary_device,0.025264786075544804,4
Global_UI,social_proof_display,current_mood,0.02040245184024701,5
Global_UI,social_proof_display,Extraversion,0.01883890088819499,6
Global_UI,social_proof_display,Openness,0.018347228298441563,7
Global_UI,social_proof_display,Conscientiousness,0.01770103078920696,8
Global_UI,urgency_pref,current_mood,0.03563454222560034,1
Global_UI,urgency_pref,primary_device,0.033971531001256154,2
Global_UI,urgency_pref,Agreeableness,0.03196870136715607,3
Global_UI,urgency_pref,primary_persona,0.02954363547470555,4
Global_UI,urgency_pref,Openness,0.026420608119456724,5
Global_UI,urgency_pref,Neuroticism,0.026409171020976563,6
Global_UI,urgency_pref,Conscientiousness,0.021284044710828537,7
Global_UI,urgency_pref,Extraversion,0.007726228032952785,8
Global_UI,checkout_style,primary_persona,0.031287781358073315,1
Global_UI,checkout_style,Extraversion,0.029173371982635546,2
Global_UI,checkout_style,current_mood,0.028792100765332236,3
Global_UI,checkout_style,primary_device,0.023327537949320885,4
Global_UI,checkout_style,Conscientiousness,0.02229932352046545,5
Global_UI,checkout_style,Openness,0.015976680574325414,6
Global_UI,checkout_style,Neuroticism,0.01586492740322685,7
Global_UI,checkout_style,Agreeableness,0.005928705010777849,8
Global_UI,form_field_style,primary_persona,0.01998120909333736,1
Global_UI,form_field_style,current_mood,0.018203241159202743,2
Global_UI,form_field_style,Conscientiousness,0.018087878099351733,3
Global_UI,form_field_style,primary_device,0.017957217405263123,4
Global_UI,form_field_style,Neuroticism,0.017375009945981682,5
Global_UI,form_field_style,Extraversion,0.016917782581103193,6
Global_UI,form_field_style,Openness,0.01252108379921612,7
Global_UI,form_field_style,Agreeableness,0.007633528650457241,8
Global_UI,product_desc_length,Conscientiousness,0.03490515958752668,1
Global_UI,product_desc_length,primary_device,0.03428678230095244,2
Global_UI,product_desc_length,Agreeableness,0.03243357366139141,3
Global_UI,product_desc_length,Neuroticism,0.02845507147259195,4
Global_UI,product_desc_length,primary_persona,0.02618550447696637,5
Global_UI,product_desc_length,current_mood,0.025033500537430267,6
Global_UI,product_desc_length,Extraversion,0.017674971747532343,7
Global_UI,product_desc_length,Openness,0.009586634041966509,8
Desktop_UI,desktop_grid_pref,Neuroticism,0.028119456782196687,1
Desktop_UI,desktop_grid_pref,Conscientiousness,0.027590596886747438,2
Desktop_UI,desktop_grid_pref,primary_persona,0.024386504781557083,3
Desktop_UI,desktop_grid_pref,Extraversion,0.01872041587415766,4
Desktop_UI,desktop_grid_pref,Openness,0.018636555230519193,5
Desktop_UI,desktop_grid_pref,current_mood,0.01817965614842489,6
Desktop_UI,desktop_grid_pref,primary_device,0.017715738938681582,7
Desktop_UI,desktop_grid_pref,Agreeableness,0.008788271548505719,8
Desktop_UI,desktop_info_density,primary_device,0.03341680169935241,1
Desktop_UI,desktop_info_density,Neuroticism,0.03259244434543936,2
Desktop_UI,desktop_info_density,current_mood,0.030580739386784125,3
Desktop_UI,desktop_info_density,Agreeableness,0.024579381422416644,4
Desktop_UI,desktop_info_density,Extraversion,0.021537911180227524,5
Desktop_UI,desktop_info_density,Openness,0.019237789160876925,6
Desktop_UI,desktop_info_density,Conscientiousness,0.018669283838143227,7
Desktop_UI,desktop_info_density,primary_persona,0.008586137756505591,8
Desktop_UI,desktop_image_text_ratio,Conscientiousness,0.03963501720258204,1
Desktop_UI,desktop_image_text_ratio,Neuroticism,0.03886398209675424,2
Desktop_UI,desktop_image_text_ratio,primary_persona,0.03350823717393161,3
Desktop_UI,desktop_image_text_ratio,primary_device,0.03285770101026371,4
Desktop_UI,desktop_image_text_ratio,Extraversion,0.02313055063524238,5
Desktop_UI,desktop_image_text_ratio,Openness,0.020774479180517114,6
Desktop_UI,desktop_image_text_ratio,current_mood,0.02051745197292682,7
Desktop_UI,desktop_image_text_ratio,Agreeableness,0.006774872998062511,8
Desktop_UI,desktop_whitespace,Conscientiousness,0.037646892937975435,1
Desktop_UI,desktop_whitespace,primary_device,0.030805086013450247,2
Desktop_UI,desktop_whitespace,Extraversion,0.027326206893805736,3
Desktop_UI,desktop_whitespace,Openness,0.021450311430104622,4
Desktop_UI,desktop_whitespace,current_mood,0.015717407502116535,5
Desktop_UI,desktop_whitespace,Neuroticism,0.015612410956201256,6
Desktop_UI,desktop_whitespace,primary_persona,0.015420101550593627,7
Desktop_UI,desktop_whitespace,Agreeableness,0.005385398318680759,8
Desktop_UI,desktop_navigation,current_mood,0.03582976720680696,1
Desktop_UI,desktop_navigation,Neuroticism,0.029259839971056915,2
Desktop_UI,desktop_navigation,primary_device,0.02501629498795213,3
Desktop_UI,desktop_navigation,primary_persona,0.024522720352701803,4
Desktop_UI,desktop_navigation,Openness,0.022106383908657937,5
Desktop_UI,desktop_navigation,Extraversion,0.02143815726496291,6
Desktop_UI,desktop_navigation,Conscientiousness,0.01571149468243128,7
Desktop_UI,desktop_navigation,Agreeableness,0.014029098625655278,8
Desktop_UI,desktop_search_visibility,current_mood,0.03669277804637983,1
Desktop_UI,desktop_search_visibility,Agreeableness,0.029655776261029495,2
Desktop_UI,desktop_search_visibility,Conscientiousness,0.026220435346693535,3
Desktop_UI,desktop_search_visibility,primary_persona,0.026032295943244164,4
Desktop_UI,desktop_search_visibility,Openness,0.02486153346292808,5
Desktop_UI,desktop_search_visibility,primary_device,0.02463922761736489,6
Desktop_UI,desktop_search_visibility,Neuroticism,0.020574884904212453,7
Desktop_UI,desktop_search_visibility,Extraversion,0.00492132318598343,8
Desktop_UI,desktop_category_display,primary_persona,0.03110389560142154,1
Desktop_UI,desktop_category_display,Openness,0.03089131164190282,2
Desktop_UI,desktop_category_display,Conscientiousness,0.0302289902893275,3
Desktop_UI,desktop_category_display,Neuroticism,0.02984585686512429,4
Desktop_UI,desktop_category_display,Extraversion,0.026659171155951684,5
Desktop_UI,desktop_category_display,primary_device,0.024951368238272487,6
Desktop_UI,desktop_category_display,current_mood,0.021629917617746096,7
Desktop_UI,desktop_category_display,Agreeableness,0.010129987021797052,8
Desktop_UI,desktop_product_card,Neuroticism,0.02885014099936915,1
Desktop_UI,desktop_product_card,primary_persona,0.026038228607870723,2
Desktop_UI,desktop_product_card,Agreeableness,0.025875221714669074,3
Desktop_UI,desktop_product_card,primary_device,0.025335027209848544,4
Desktop_UI,desktop_product_card,Extraversion,0.024069978640380435,5
Desktop_UI,desktop_product_card,Openness,0.023163879171932043,6
Desktop_UI,desktop_product_card,current_mood,0.01929491973935786,7
Desktop_UI,desktop_product_card,Conscientiousness,0.009425733531996277,8
Desktop_UI,desktop_price_display,primary_persona,0.03622596838859769,1
Desktop_UI,desktop_price_display,Neuroticism,0.03309907933187912,2
Desktop_UI,desktop_price_display,Conscientiousness,0.025968175458885672,3
Desktop_UI,desktop_price_display,primary_device,0.025446304790663822,4
Desktop_UI,desktop_price_display,Openness,0.020394603894430825,5
Desktop_UI,desktop_price_display,Agreeableness,0.019676409620623905,6
Desktop_UI,desktop_price_display,current_mood,0.018938089042936198,7
Desktop_UI,desktop_price_display,Extraversion,0.008225438420027879,8
Desktop_UI,desktop_filter_location,Neuroticism,0.04976062206013869,1
Desktop_UI,desktop_filter_location,primary_persona,0.02930970114952488,2
Desktop_UI,desktop_filter_location,current_mood,0.026879274348248702,3
Desktop_UI,desktop_filter_location,primary_device,0.026203667832333757,4
Desktop_UI,desktop_filter_location,Openness,0.023440297711800482,5
Desktop_UI,desktop_filter_location,Conscientiousness,0.02100161367065144,6
Desktop_UI,desktop_filter_location,Agreeableness,0.019042547369787236,7
Desktop_UI,desktop_filter_location,Extraversion,0.013863387984194701,8
Desktop_UI,desktop_persistent_filters,Agreeableness,0.042106151452770364,1
Desktop_UI,desktop_persistent_filters,current_mood,0.03997636600864762,2
Desktop_UI,desktop_persistent_filters,Extraversion,0.03829292570353024,3
Desktop_UI,desktop_persistent_filters,primary_persona,0.024702251340756546,4
Desktop_UI,desktop_persistent_filters,Openness,0.022655480925108343,5
Desktop_UI,desktop_persistent_filters,Neuroticism,0.02251733828599085,6
Desktop_UI,desktop_persistent_filters,Conscientiousness,0.02134398696191437,7
Desktop_UI,desktop_persistent_filters,primary_device,0.015958870022081285,8
Desktop_UI,desktop_quick_view,primary_persona,0.03492245695292501,1
Desktop_UI,desktop_quick_view,Extraversion,0.03103900563356133,2
Desktop_UI,desktop_quick_view,primary_device,0.026220049360519176,3
Desktop_UI,desktop_quick_view,Conscientiousness,0.021472252699089298,4
Desktop_UI,desktop_quick_view,current_mood,0.019993635908973944,5
Desktop_UI,desktop_quick_view,Neuroticism,0.018719836170410932,6
Desktop_UI,desktop_quick_view,Agreeableness,0.015179112059631865,7
Desktop_UI,desktop_quick_view,Openness,0.007295815573496175,8
Desktop_UI,desktop_review_display,current_mood,0.03597010550148029,1
Desktop_UI,desktop_review_display,primary_device,0.03507848175644375,2
Desktop_UI,desktop_review_display,Extraversion,0.03400633721984202,3
Desktop_UI,desktop_review_display,Conscientiousness,0.031677658426343173,4
Desktop_UI,desktop_review_display,Neuroticism,0.02297292753902191,5
Desktop_UI,desktop_review_display,primary_persona,0.018712647488122916,6
Desktop_UI,desktop_review_display,Openness,0.018147608692228256,7
Desktop_UI,desktop_review_display,Agreeableness,0.0048246782489827405,8
Mobile_UI,mobile_grid_pref,current_mood,0.033384747421648715,1
Mobile_UI,mobile_grid_pref,primary_persona,0.032809990717118855,2
Mobile_UI,mobile_grid_pref,Extraversion,0.031618985802652724,3
Mobile_UI,mobile_grid_pref,Agreeableness,0.028142843566081113,4
Mobile_UI,mobile_grid_pref,primary_device,0.027532531393524674,5
Mobile_UI,mobile_grid_pref,Conscientiousness,0.024102073976453094,6
Mobile_UI,mobile_grid_pref,Openness,0.02061013049871417,7
Mobile_UI,mobile_grid_pref,Neuroticism,0.020361634632003075,8
Mobile_UI,mobile_info_density,Agreeableness,0.03890354667296107,1
Mobile_UI,mobile_info_density,primary_device,0.038862909127603665,2
Mobile_UI,mobile_info_density,primary_persona,0.0291242057122738,3
Mobile_UI,mobile_info_density,Conscientiousness,0.02672979931381477,4
Mobile_UI,mobile_info_density,Neuroticism,0.023471199224580262,5
Mobile_UI,mobile_info_density,Extraversion,0.023053823302362855,6
Mobile_UI,mobile_info_density,current_mood,0.02271935926981739,7
Mobile_UI,mobile_info_density,Openness,0.011345742811516082,8
Mobile_UI,mobile_image_text_ratio,Neuroticism,0.030771827634349026,1
Mobile_UI,mobile_image_text_ratio,primary_device,0.022550451844715106,2
Mobile_UI,mobile_image_text_ratio,Extraversion,0.020269732625166067,3
Mobile_UI,mobile_image_text_ratio,primary_persona,0.019856425009556276,4
Mobile_UI,mobile_image_text_ratio,current_mood,0.017421612392898116,5
Mobile_UI,mobile_image_text_ratio,Agreeableness,0.01674464482420727,6
Mobile_UI,mobile_image_text_ratio,Conscientiousness,0.012696184704753219,7
Mobile_UI,mobile_image_text_ratio,Openness,0.006858682217839306,8
Mobile_UI,mobile_whitespace,current_mood,0.021830067113686645,1
Mobile_UI,mobile_whitespace,primary_device,0.019707635799107767,2
Mobile_UI,mobile_whitespace,Conscientiousness,0.01875853984968566,3
Mobile_UI,mobile_whitespace,Openness,0.01835562636089545,4
Mobile_UI,mobile_whitespace,Neuroticism,0.01501388782500207,5
Mobile_UI,mobile_whitespace,Extraversion,0.014780828816989288,6
Mobile_UI,mobile_whitespace,Agreeableness,0.012014595918185208,7
Mobile_UI,mobile_whitespace,primary_persona,0.005322450969906582,8
Mobile_UI,mobile_navigation,primary_device,0.03150951223570677,1
Mobile_UI,mobile_navigation,primary_persona,0.02709770601141503,2
Mobile_UI,mobile_navigation,current_mood,0.025210522357643598,3
Mobile_UI,mobile_navigation,Agreeableness,0.02176806902249691,4
Mobile_UI,mobile_navigation,Neuroticism,0.02039577584463573,5
Mobile_UI,mobile_navigation,Extraversion,0.017710636486787515,6
Mobile_UI,mobile_navigation,Openness,0.016387245510820197,7
Mobile_UI,mobile_navigation,Conscientiousness,0.010937213744407944,8
Mobile_UI,mobile_search_visibility,primary_persona,0.046715417499566356,1
Mobile_UI,mobile_search_visibility,Conscientiousness,0.03433213528761727,2
Mobile_UI,mobile_search_visibility,primary_device,0.03252824555586185,3
Mobile_UI,mobile_search_visibility,Agreeableness,0.03159384464524623,4
Mobile_UI,mobile_search_visibility,Openness,0.031254988397123894,5
Mobile_UI,mobile_search_visibility,current_mood,0.028686877888175987,6
Mobile_UI,mobile_search_visibility,Neuroticism,0.019243074784528403,7
Mobile_UI,mobile_search_visibility,Extraversion,0.010166791778524073,8
Mobile_UI,mobile_category_display,Neuroticism,0.04482279937278525,1
Mobile_UI,mobile_category_display,primary_device,0.043953475712425596,2
Mobile_UI,mobile_category_display,primary_persona,0.041856463051284175,3
Mobile_UI,mobile_category_display,current_mood,0.03364708139035174,4
Mobile_UI,mobile_category_display,Agreeableness,0.025096903437769207,5
Mobile_UI,mobile_category_display,Conscientiousness,0.024132812517851803,6
Mobile_UI,mobile_category_display,Openness,0.021415602918200154,7
Mobile_UI,mobile_category_display,Extraversion,0.005425954751908464,8
Mobile_UI,mobile_product_card,Extraversion,0.0258639928405956,1
Mobile_UI,mobile_product_card,Neuroticism,0.020517129119498805,2
Mobile_UI,mobile_product_card,primary_persona,0.01890770417437785,3
Mobile_UI,mobile_product_card,current_mood,0.018821477585588983,4
Mobile_UI,mobile_product_card,primary_device,0.018605715992466014,5
Mobile_UI,mobile_product_card,Agreeableness,0.018339106332571464,6
Mobile_UI,mobile_product_card,Openness,0.01627197613887325,7
Mobile_UI,mobile_product_card,Conscientiousness,0.004883454937716367,8
Mobile_UI,mobile_price_display,Neuroticism,0.04985584668767024,1
Mobile_UI,mobile_price_display,Openness,0.035918646063348915,2
Mobile_UI,mobile_price_display,current_mood,0.03352092894652124,3
Mobile_UI,mobile_price_display,Conscientiousness,0.030108955401944325,4
Mobile_UI,mobile_price_display,primary_device,0.027622350442197813,5
Mobile_UI,mobile_price_display,Extraversion,0.027370600259581004,6
Mobile_UI,mobile_price_display,Agreeableness,0.02696090134140119,7
Mobile_UI,mobile_price_display,primary_persona,0.008297041498081175,8
Mobile_UI,mobile_filter_location,Openness,0.03155657743988236,1
Mobile_UI,mobile_filter_location,primary_device,0.03074234901374682,2
Mobile_UI,mobile_filter_location,current_mood,0.028176761583136888,3
Mobile_UI,mobile_filter_location,Neuroticism,0.024030769652971358,4
Mobile_UI,mobile_filter_location,primary_persona,0.022100320255189727,5
Mobile_UI,mobile_filter_location,Extraversion,0.02061066857333321,6
Mobile_UI,mobile_filter_location,Agreeableness,0.015788927681472862,7
Mobile_UI,mobile_filter_location,Conscientiousness,0.014174145652679007,8
Mobile_UI,mobile_quick_view,Extraversion,0.04136453319739312,1
Mobile_UI,mobile_quick_view,Neuroticism,0.03506259143613293,2
Mobile_UI,mobile_quick_view,primary_persona,0.031606630467546276,3
Mobile_UI,mobile_quick_view,primary_device,0.028585455920475327,4
Mobile_UI,mobile_quick_view,current_mood,0.028377644707008026,5
Mobile_UI,mobile_quick_view,Agreeableness,0.028059806158450433,6
Mobile_UI,mobile_quick_view,Conscientiousness,0.02596782227698497,7
Mobile_UI,mobile_quick_view,Openness,0.01029238347693143,8
Mobile_UI,mobile_review_display,Conscientiousness,0.04180842022227619,1
Mobile_UI,mobile_review_display,primary_persona,0.03781488687363555,2
Mobile_UI,mobile_review_display,Neuroticism,0.028641414775020437,3
Mobile_UI,mobile_review_display,primary_device,0.025307377826232363,4
Mobile_UI,mobile_review_display,Openness,0.024836690571681294,5
Mobile_UI,mobile_review_display,current_mood,0.020480382408235822,6
Mobile_UI,mobile_review_display,Extraversion,0.014685569086669705,7
Mobile_UI,mobile_review_display,Agreeableness,0.009374378299568055,8
Mobile_UI,mobile_sticky_header,primary_device,0.04557040654893607,1
Mobile_UI,mobile_sticky_header,Agreeableness,0.04069459434213179,2
Mobile_UI,mobile_sticky_header,Conscientiousness,0.04046633834290972,3
Mobile_UI,mobile_sticky_header,primary_persona,0.038637326393966484,4
Mobile_UI,mobile_sticky_header,current_mood,0.025747520484347492,5
Mobile_UI,mobile_sticky_header,Openness,0.021928054825347227,6
Mobile_UI,mobile_sticky_header,Extraversion,0.01632702820187032,7
Mobile_UI,mobile_sticky_header,Neuroticism,0.005649857842939713,8
Mobile_UI,mobile_touch_size,Neuroticism,0.037942846728966965,1
Mobile_UI,mobile_touch_size,primary_device,0.03305502950091338,2
Mobile_UI,mobile_touch_size,primary_persona,0.025147524295806543,3
Mobile_UI,mobile_touch_size,current_mood,0.024888528247414554,4
Mobile_UI,mobile_touch_size,Openness,0.024662169789036466,5
Mobile_UI,mobile_touch_size,Conscientiousness,0.022391064928857302,6
Mobile_UI,mobile_touch_size,Extraversion,0.021172821037581106,7
Mobile_UI,mobile_touch_size,Agreeableness,0.007023287093382425,8
